<?xml version="1.0" encoding="UTF-8"?><?xml-stylesheet type='text/xsl' href='_UpgradeReport_Files/UpgradeReport.xslt'?><UpgradeLog>
<Properties><Property Name="Solution" Value="WindowsApplication2">
</Property><Property Name="Solution File" Value="F:\Personal\IESD_acedemics related\DAT095(Project_Hearing_Aid)\RS232_workjohan\WindowsApplication2.sln">
</Property><Property Name="User Options File" Value="F:\Personal\IESD_acedemics related\DAT095(Project_Hearing_Aid)\RS232_workjohan\WindowsApplication2.suo">
</Property><Property Name="Date" Value="18 March 2011">
</Property><Property Name="Time" Value="14:58">
</Property></Properties><Event ErrorLevel="0" Project="" Source="WindowsApplication2.sln" Description="File successfully backed up as F:\Personal\IESD_acedemics related\DAT095(Project_Hearing_Aid)\RS232_workjohan\Backup\WindowsApplication2.sln">
</Event><Event ErrorLevel="0" Project="" Source="WindowsApplication2.suo" Description="File successfully backed up as F:\Personal\IESD_acedemics related\DAT095(Project_Hearing_Aid)\RS232_workjohan\Backup\WindowsApplication2.suo">
</Event><Event ErrorLevel="0" Project="WindowsApplication2" Source="WindowsApplication2\WindowsApplication2.vbproj" Description="Project file successfully backed up as F:\Personal\IESD_acedemics related\DAT095(Project_Hearing_Aid)\RS232_workjohan\Backup\WindowsApplication2\WindowsApplication2.vbproj">
</Event><Event ErrorLevel="0" Project="WindowsApplication2" Source="WindowsApplication2\Form1.vb" Description="File successfully backed up as F:\Personal\IESD_acedemics related\DAT095(Project_Hearing_Aid)\RS232_workjohan\Backup\WindowsApplication2\Form1.vb">
</Event><Event ErrorLevel="0" Project="WindowsApplication2" Source="WindowsApplication2\Form1.Designer.vb" Description="File successfully backed up as F:\Personal\IESD_acedemics related\DAT095(Project_Hearing_Aid)\RS232_workjohan\Backup\WindowsApplication2\Form1.Designer.vb">
</Event><Event ErrorLevel="0" Project="WindowsApplication2" Source="WindowsApplication2\My Project\AssemblyInfo.vb" Description="File successfully backed up as F:\Personal\IESD_acedemics related\DAT095(Project_Hearing_Aid)\RS232_workjohan\Backup\WindowsApplication2\My Project\AssemblyInfo.vb">
</Event><Event ErrorLevel="0" Project="WindowsApplication2" Source="WindowsApplication2\My Project\Application.Designer.vb" Description="File successfully backed up as F:\Personal\IESD_acedemics related\DAT095(Project_Hearing_Aid)\RS232_workjohan\Backup\WindowsApplication2\My Project\Application.Designer.vb">
</Event><Event ErrorLevel="0" Project="WindowsApplication2" Source="WindowsApplication2\My Project\Resources.Designer.vb" Description="File successfully backed up as F:\Personal\IESD_acedemics related\DAT095(Project_Hearing_Aid)\RS232_workjohan\Backup\WindowsApplication2\My Project\Resources.Designer.vb">
</Event><Event ErrorLevel="0" Project="WindowsApplication2" Source="WindowsApplication2\My Project\Settings.Designer.vb" Description="File successfully backed up as F:\Personal\IESD_acedemics related\DAT095(Project_Hearing_Aid)\RS232_workjohan\Backup\WindowsApplication2\My Project\Settings.Designer.vb">
</Event><Event ErrorLevel="0" Project="WindowsApplication2" Source="WindowsApplication2\My Project\Application.myapp" Description="File successfully backed up as F:\Personal\IESD_acedemics related\DAT095(Project_Hearing_Aid)\RS232_workjohan\Backup\WindowsApplication2\My Project\Application.myapp">
</Event><Event ErrorLevel="0" Project="WindowsApplication2" Source="WindowsApplication2\My Project\Settings.settings" Description="File successfully backed up as F:\Personal\IESD_acedemics related\DAT095(Project_Hearing_Aid)\RS232_workjohan\Backup\WindowsApplication2\My Project\Settings.settings">
</Event><Event ErrorLevel="0" Project="WindowsApplication2" Source="WindowsApplication2\Form1.resx" Description="File successfully backed up as F:\Personal\IESD_acedemics related\DAT095(Project_Hearing_Aid)\RS232_workjohan\Backup\WindowsApplication2\Form1.resx">
</Event><Event ErrorLevel="0" Project="WindowsApplication2" Source="WindowsApplication2\My Project\Resources.resx" Description="File successfully backed up as F:\Personal\IESD_acedemics related\DAT095(Project_Hearing_Aid)\RS232_workjohan\Backup\WindowsApplication2\My Project\Resources.resx">
</Event><Event ErrorLevel="0" Project="WindowsApplication2" Source="WindowsApplication2\WindowsApplication2.vbproj" Description="Project converted successfully">
</Event><Event ErrorLevel="3" Project="WindowsApplication2" Source="WindowsApplication2\WindowsApplication2.vbproj" Description="Converted">
</Event><Event ErrorLevel="0" Project="" Source="WindowsApplication2.sln" Description="Solution converted successfully">
</Event><Event ErrorLevel="3" Project="" Source="WindowsApplication2.sln" Description="Converted">
</Event><Event ErrorLevel="0" Project="WindowsApplication2" Source="WindowsApplication2\WindowsApplication2.vbproj" Description="Scan complete: Upgrade not required for project files.">
</Event></UpgradeLog>